n,rounds,trial,prove_us,verify_us
128,1,0,30,23
128,1,1,28,24
128,1,2,28,23
128,1,3,27,22
128,1,4,29,23
128,1,5,27,23
128,1,6,27,22
128,1,7,34,22
128,1,8,58,22
128,1,9,27,22
128,1,10,27,23
128,1,11,27,22
128,1,12,27,22
128,1,13,27,23
128,1,14,27,23
128,1,15,27,22
128,1,16,27,22
128,1,17,27,23
128,1,18,27,23
128,1,19,28,22
128,1,20,27,22
128,1,21,27,22
128,1,22,27,22
128,1,23,27,22
128,1,24,27,22
128,1,25,25,22
128,1,26,27,21
128,1,27,27,23
128,1,28,27,22
128,1,29,27,22
128,1,30,28,22
128,1,31,27,23
128,1,32,27,23
128,1,33,27,23
128,1,34,26,21
128,1,35,27,23
128,1,36,27,138
128,1,37,28,23
128,1,38,33,22
128,1,39,51,22
128,1,40,27,23
128,1,41,27,24
128,1,42,27,21
128,1,43,27,21
128,1,44,27,21
128,1,45,27,22
128,1,46,26,21
128,1,47,27,23
128,1,48,27,21
128,1,49,27,21
128,1,50,28,23
128,1,51,27,22
128,1,52,27,22
128,1,53,27,23
128,1,54,27,22
128,1,55,27,23
128,1,56,27,23
128,1,57,27,23
128,1,58,27,22
128,1,59,27,23
128,1,60,27,21
128,1,61,28,22
128,1,62,28,22
128,1,63,27,22
128,1,64,27,22
128,1,65,27,23
128,1,66,27,22
128,1,67,27,22
128,1,68,27,22
128,1,69,26,23
128,1,70,33,22
128,1,71,58,23
128,1,72,27,22
128,1,73,28,22
128,1,74,28,23
128,1,75,27,22
128,1,76,27,23
128,1,77,27,23
128,1,78,28,23
128,1,79,27,23
128,1,80,32,22
128,1,81,55,24
128,1,82,27,22
128,1,83,27,22
128,1,84,27,22
128,1,85,27,23
128,1,86,27,22
128,1,87,27,22
128,1,88,27,22
128,1,89,27,23
128,1,90,27,23
128,1,91,27,23
128,1,92,28,23
128,1,93,27,22
128,1,94,27,22
128,1,95,27,22
128,1,96,27,22
128,1,97,27,22
128,1,98,27,22
128,1,99,27,21
128,2,0,55,44
128,2,1,54,70
128,2,2,55,43
128,2,3,54,46
128,2,4,54,44
128,2,5,54,43
128,2,6,54,43
128,2,7,54,43
128,2,8,55,67
128,2,9,55,45
128,2,10,55,43
128,2,11,54,43
128,2,12,53,44
128,2,13,56,44
128,2,14,55,50
128,2,15,78,44
128,2,16,55,43
128,2,17,54,43
128,2,18,55,43
128,2,19,54,43
128,2,20,54,45
128,2,21,60,43
128,2,22,85,44
128,2,23,55,46
128,2,24,54,43
128,2,25,55,43
128,2,26,54,44
128,2,27,54,43
128,2,28,60,50
128,2,29,56,44
128,2,30,55,46
128,2,31,53,45
128,2,32,54,45
128,2,33,54,46
128,2,34,54,44
128,2,35,60,43
128,2,36,55,44
128,2,37,54,47
128,2,38,54,46
128,2,39,54,46
128,2,40,104,44
128,2,41,55,49
128,2,42,77,45
128,2,43,55,44
128,2,44,54,43
128,2,45,54,57
128,2,46,54,43
128,2,47,54,44
128,2,48,54,54
128,2,49,77,45
128,2,50,55,45
128,2,51,55,43
128,2,52,54,43
128,2,53,53,46
128,2,54,54,43
128,2,55,54,48
128,2,56,77,44
128,2,57,55,46
128,2,58,54,45
128,2,59,54,44
128,2,60,54,43
128,2,61,54,45
128,2,62,59,43
128,2,63,77,45
128,2,64,55,43
128,2,65,54,43
128,2,66,54,45
128,2,67,54,80
128,2,68,55,43
128,2,69,60,43
128,2,70,55,44
128,2,71,55,44
128,2,72,53,46
128,2,73,54,45
128,2,74,54,43
128,2,75,53,43
128,2,76,60,66
128,2,77,56,44
128,2,78,55,46
128,2,79,54,44
128,2,80,54,45
128,2,81,54,45
128,2,82,54,43
128,2,83,53,66
128,2,84,56,46
128,2,85,55,45
128,2,86,54,46
128,2,87,54,45
128,2,88,54,46
128,2,89,54,44
128,2,90,54,68
128,2,91,56,45
128,2,92,54,44
128,2,93,54,44
128,2,94,54,43
128,2,95,56,44
128,2,96,55,49
128,2,97,76,46
128,2,98,55,44
128,2,99,54,43
128,3,0,82,65
128,3,1,80,66
128,3,2,82,71
128,3,3,105,67
128,3,4,82,70
128,3,5,79,64
128,3,6,81,66
128,3,7,81,70
128,3,8,106,67
128,3,9,81,67
128,3,10,113,67
128,3,11,82,68
128,3,12,81,71
128,3,13,114,67
128,3,14,82,67
128,3,15,82,64
128,3,16,120,66
128,3,17,83,70
128,3,18,83,66
128,3,19,81,67
128,3,20,82,66
128,3,21,86,67
128,3,22,81,70
128,3,23,104,66
128,3,24,82,65
128,3,25,82,68
128,3,26,80,67
128,3,27,81,71
128,3,28,105,66
128,3,29,82,65
128,3,30,82,65
128,3,31,81,64
128,3,32,81,66
128,3,33,104,67
128,3,34,82,66
128,3,35,81,65
128,3,36,81,101
128,3,37,83,72
128,3,38,105,67
128,3,39,81,65
128,3,40,82,67
128,3,41,81,65
128,3,42,82,68
128,3,43,106,67
128,3,44,83,66
128,3,45,82,64
128,3,46,81,66
128,3,47,81,64
128,3,48,86,89
128,3,49,82,67
128,3,50,81,67
128,3,51,81,67
128,3,52,81,66
128,3,53,87,86
128,3,54,83,65
128,3,55,82,67
128,3,56,82,65
128,3,57,84,70
128,3,58,87,87
128,3,59,82,65
128,3,60,81,67
128,3,61,82,69
128,3,62,81,64
128,3,63,86,87
128,3,64,83,67
128,3,65,81,67
128,3,66,81,67
128,3,67,81,64
128,3,68,87,64
128,3,69,82,65
128,3,70,81,66
128,3,71,82,65
128,3,72,81,65
128,3,73,86,66
128,3,74,83,67
128,3,75,82,65
128,3,76,81,64
128,3,77,141,67
128,3,78,87,88
128,3,79,82,66
128,3,80,82,66
128,3,81,81,67
128,3,82,82,65
128,3,83,86,87
128,3,84,83,68
128,3,85,82,65
128,3,86,82,65
128,3,87,81,65
128,3,88,87,66
128,3,89,84,66
128,3,90,82,65
128,3,91,81,66
128,3,92,81,65
128,3,93,81,70
128,3,94,105,66
128,3,95,82,66
128,3,96,82,68
128,3,97,115,66
128,3,98,82,74
128,3,99,83,66
128,5,0,139,111
128,5,1,134,115
128,5,2,140,130
128,5,3,137,112
128,5,4,134,110
128,5,5,135,115
128,5,6,160,111
128,5,7,136,112
128,5,8,136,111
128,5,9,163,112
128,5,10,137,109
128,5,11,136,142
128,5,12,143,132
128,5,13,137,110
128,5,14,143,114
128,5,15,135,122
128,5,16,137,110
128,5,17,136,108
128,5,18,136,110
128,5,19,161,114
128,5,20,135,107
128,5,21,134,113
128,5,22,140,130
128,5,23,137,112
128,5,24,135,141
128,5,25,137,152
128,5,26,137,111
128,5,27,135,114
128,5,28,136,118
128,5,29,158,113
128,5,30,137,115
128,5,31,136,113
128,5,32,141,130
128,5,33,146,108
128,5,34,135,111
128,5,35,136,115
128,5,36,136,112
128,5,37,135,111
128,5,38,171,119
128,5,39,159,108
128,5,40,137,122
128,5,41,136,112
128,5,42,173,113
128,5,43,137,110
128,5,44,135,114
128,5,45,139,132
128,5,46,136,112
128,5,47,135,111
128,5,48,135,116
128,5,49,158,110
128,5,50,135,111
128,5,51,172,115
128,5,52,159,113
128,5,53,135,110
128,5,54,136,108
128,5,55,139,132
128,5,56,137,109
128,5,57,135,112
128,5,58,135,117
128,5,59,159,111
128,5,60,135,111
128,5,61,135,112
128,5,62,162,110
128,5,63,136,110
128,5,64,135,146
128,5,65,142,133
128,5,66,139,111
128,5,67,134,112
128,5,68,135,113
128,5,69,160,111
128,5,70,135,107
128,5,71,135,112
128,5,72,162,110
128,5,73,136,108
128,5,74,136,107
128,5,75,140,136
128,5,76,137,113
128,5,77,136,114
128,5,78,137,113
128,5,79,137,109
128,5,80,136,112
128,5,81,136,113
128,5,82,163,111
128,5,83,136,113
128,5,84,136,108
128,5,85,141,132
128,5,86,136,109
128,5,87,135,111
128,5,88,136,117
128,5,89,161,112
128,5,90,136,109
128,5,91,182,112
128,5,92,161,112
128,5,93,135,108
128,5,94,136,111
128,5,95,140,135
128,5,96,136,110
128,5,97,136,107
128,5,98,135,117
128,5,99,137,111
128,7,0,188,154
128,7,1,190,186
128,7,2,190,154
128,7,3,252,161
128,7,4,214,159
128,7,5,201,152
128,7,6,194,173
128,7,7,191,151
128,7,8,189,158
128,7,9,213,155
128,7,10,189,155
128,7,11,196,183
128,7,12,191,150
128,7,13,231,159
128,7,14,191,159
128,7,15,190,151
128,7,16,216,153
128,7,17,191,154
128,7,18,191,159
128,7,19,217,157
128,7,20,190,152
128,7,21,194,181
128,7,22,190,357
128,7,23,231,154
128,7,24,198,154
128,7,25,197,177
128,7,26,194,155
128,7,27,193,162
128,7,28,218,159
128,7,29,197,163
128,7,30,226,183
128,7,31,196,159
128,7,32,338,213
128,7,33,196,159
128,7,34,203,172
128,7,35,194,159
128,7,36,194,165
128,7,37,220,157
128,7,38,193,160
128,7,39,196,177
128,7,40,194,158
128,7,41,239,163
128,7,42,223,155
128,7,43,190,158
128,7,44,195,176
128,7,45,191,153
128,7,46,189,163
128,7,47,214,159
128,7,48,199,153
128,7,49,196,178
128,7,50,190,152
128,7,51,233,156
128,7,52,214,158
128,7,53,206,163
128,7,54,218,159
128,7,55,196,163
128,7,56,198,153
128,7,57,193,152
128,7,58,190,156
128,7,59,212,154
128,7,60,196,153
128,7,61,232,186
128,7,62,191,157
128,7,63,194,157
128,7,64,220,167
128,7,65,191,151
128,7,66,199,177
128,7,67,191,155
128,7,68,191,162
128,7,69,217,162
128,7,70,189,189
128,7,71,191,183
128,7,72,195,155
128,7,73,197,153
128,7,74,214,157
128,7,75,190,154
128,7,76,190,182
128,7,77,193,156
128,7,78,195,160
128,7,79,219,159
128,7,80,190,198
128,7,81,217,160
128,7,82,190,159
128,7,83,205,177
128,7,84,199,153
128,7,85,194,165
128,7,86,216,156
128,7,87,189,152
128,7,88,196,180
128,7,89,189,160
128,7,90,249,163
128,7,91,214,157
128,7,92,189,149
128,7,93,195,186
128,7,94,190,156
128,7,95,189,199
128,7,96,216,160
128,7,97,191,154
128,7,98,191,174
128,7,99,191,153
128,10,0,329,247
128,10,1,289,225
128,10,2,298,222
128,10,3,271,224
128,10,4,295,223
128,10,5,276,225
128,10,6,298,223
128,10,7,315,256
128,10,8,270,216
128,10,9,274,284
128,10,10,271,226
128,10,11,294,219
128,10,12,267,230
128,10,13,293,227
128,10,14,315,249
128,10,15,276,218
128,10,16,277,239
128,10,17,271,217
128,10,18,300,223
128,10,19,274,223
128,10,20,294,222
128,10,21,311,229
128,10,22,273,221
128,10,23,280,253
128,10,24,277,224
128,10,25,279,248
128,10,26,275,232
128,10,27,329,226
128,10,28,310,219
128,10,29,271,223
128,10,30,275,250
128,10,31,270,226
128,10,32,274,242
128,10,33,273,226
128,10,34,292,226
128,10,35,269,266
128,10,36,301,218
128,10,37,283,244
128,10,38,272,225
128,10,39,282,251
128,10,40,271,224
128,10,41,296,221
128,10,42,269,261
128,10,43,299,226
128,10,44,271,224
128,10,45,293,226
128,10,46,274,238
128,10,47,269,221
128,10,48,275,239
128,10,49,271,257
128,10,50,293,224
128,10,51,269,223
128,10,52,293,218
128,10,53,271,225
128,10,54,294,223
128,10,55,303,240
128,10,56,272,229
128,10,57,277,253
128,10,58,284,337
128,10,59,324,219
128,10,60,279,243
128,10,61,275,220
128,10,62,276,255
128,10,63,271,286
128,10,64,301,227
128,10,65,273,233
128,10,66,295,218
128,10,67,278,242
128,10,68,314,216
128,10,69,277,248
128,10,70,270,262
128,10,71,298,226
128,10,72,288,223
128,10,73,297,230
128,10,74,276,243
128,10,75,274,222
128,10,76,276,245
128,10,77,281,257
128,10,78,298,226
128,10,79,270,220
128,10,80,296,226
128,10,81,270,227
128,10,82,273,220
128,10,83,276,243
128,10,84,273,226
128,10,85,312,221
128,10,86,272,225
128,10,87,297,224
128,10,88,273,225
128,10,89,295,226
128,10,90,276,246
128,10,91,272,217
128,10,92,322,244
128,10,93,274,226
128,10,94,307,223
128,10,95,271,229
128,10,96,302,221
128,10,97,271,226
128,10,98,300,219
128,10,99,322,254
128,15,0,411,335
128,15,1,431,335
128,15,2,432,334
128,15,3,434,331
128,15,4,453,356
128,15,5,419,362
128,15,6,406,361
128,15,7,441,337
128,15,8,443,336
128,15,9,474,339
128,15,10,408,354
128,15,11,406,333
128,15,12,408,360
128,15,13,428,327
128,15,14,505,336
128,15,15,411,349
128,15,16,406,358
128,15,17,407,343
128,15,18,427,366
128,15,19,427,328
128,15,20,406,356
128,15,21,409,359
128,15,22,406,332
128,15,23,437,380
128,15,24,432,334
128,15,25,435,341
128,15,26,409,356
128,15,27,405,363
128,15,28,406,382
128,15,29,430,342
128,15,30,430,337
128,15,31,429,336
128,15,32,426,365
128,15,33,443,359
128,15,34,406,340
128,15,35,430,335
128,15,36,432,339
128,15,37,411,360
128,15,38,451,356
128,15,39,406,342
128,15,40,430,335
128,15,41,427,337
128,15,42,433,334
128,15,43,451,354
128,15,44,406,389
128,15,45,416,347
128,15,46,446,339
128,15,47,440,341
128,15,48,527,342
128,15,49,411,352
128,15,50,413,362
128,15,51,408,341
128,15,52,430,369
128,15,53,438,348
128,15,54,433,334
128,15,55,409,357
128,15,56,411,340
128,15,57,407,396
128,15,58,434,328
128,15,59,432,336
128,15,60,414,364
128,15,61,406,364
128,15,62,408,377
128,15,63,409,328
128,15,64,428,334
128,15,65,434,334
128,15,66,416,362
128,15,67,452,360
128,15,68,411,336
128,15,69,433,342
128,15,70,432,339
128,15,71,408,359
128,15,72,445,363
128,15,73,415,340
128,15,74,408,338
128,15,75,427,347
128,15,76,429,333
128,15,77,446,351
128,15,78,420,359
128,15,79,406,339
128,15,80,427,334
128,15,81,439,335
128,15,82,489,339
128,15,83,411,349
128,15,84,405,339
128,15,85,411,341
128,15,86,425,335
128,15,87,470,337
128,15,88,416,356
128,15,89,407,356
128,15,90,405,330
128,15,91,427,326
128,15,92,437,332
128,15,93,411,365
128,15,94,413,360
128,15,95,407,340
128,15,96,436,395
128,15,97,436,335
128,15,98,439,332
128,15,99,438,358
128,20,0,612,500
128,20,1,692,458
128,20,2,577,449
128,20,3,584,457
128,20,4,570,492
128,20,5,543,471
128,20,6,546,474
128,20,7,542,478
128,20,8,585,470
128,20,9,546,476
128,20,10,548,461
128,20,11,573,440
128,20,12,607,452
128,20,13,576,445
128,20,14,571,449
128,20,15,562,481
128,20,16,561,453
128,20,17,563,445
128,20,18,561,442
128,20,19,537,505
128,20,20,556,477
128,20,21,548,461
128,20,22,543,460
128,20,23,580,464
128,20,24,545,477
128,20,25,568,444
128,20,26,570,448
128,20,27,612,438
128,20,28,596,447
128,20,29,562,449
128,20,30,565,496
128,20,31,569,481
128,20,32,541,485
128,20,33,539,478
128,20,34,614,458
128,20,35,544,467
128,20,36,540,465
128,20,37,544,472
128,20,38,609,483
128,20,39,577,443
128,20,40,567,455
128,20,41,562,483
128,20,42,562,442
128,20,43,562,451
128,20,44,565,473
128,20,45,540,499
128,20,46,550,469
128,20,47,543,467
128,20,48,580,462
128,20,49,583,455
128,20,50,569,433
128,20,51,573,443
128,20,52,582,452
128,20,53,568,441
128,20,54,571,440
128,20,55,570,452
128,20,56,561,513
128,20,57,558,474
128,20,58,539,485
128,20,59,543,462
128,20,60,599,465
128,20,61,544,470
128,20,62,542,470
128,20,63,568,447
128,20,64,602,454
128,20,65,567,449
128,20,66,567,433
128,20,67,576,542
128,20,68,569,452
128,20,69,540,493
128,20,70,540,468
128,20,71,591,460
128,20,72,545,461
128,20,73,543,473
128,20,74,543,460
128,20,75,604,465
128,20,76,563,446
128,20,77,581,445
128,20,78,568,493
128,20,79,606,450
128,20,80,562,455
128,20,81,561,475
128,20,82,542,510
128,20,83,548,470
128,20,84,550,462
128,20,85,569,462
128,20,86,586,469
128,20,87,570,440
128,20,88,574,446
128,20,89,575,439
128,20,90,585,460
128,20,91,569,440
128,20,92,564,446
128,20,93,568,486
128,20,94,551,461
128,20,95,540,460
128,20,96,536,469
128,20,97,585,467
128,20,98,547,462
128,20,99,547,454
512,1,0,303,305
512,1,1,399,297
512,1,2,300,290
512,1,3,298,276
512,1,4,291,277
512,1,5,292,299
512,1,6,292,270
512,1,7,293,261
512,1,8,331,275
512,1,9,320,255
512,1,10,319,251
512,1,11,297,279
512,1,12,299,280
512,1,13,291,257
512,1,14,292,311
512,1,15,308,275
512,1,16,292,293
512,1,17,293,251
512,1,18,317,270
512,1,19,318,254
512,1,20,319,264
512,1,21,296,299
512,1,22,298,284
512,1,23,342,295
512,1,24,292,276
512,1,25,292,269
512,1,26,292,281
512,1,27,292,275
512,1,28,327,297
512,1,29,331,290
512,1,30,301,263
512,1,31,320,259
512,1,32,319,251
512,1,33,318,275
512,1,34,298,276
512,1,35,298,287
512,1,36,336,295
512,1,37,308,277
512,1,38,291,256
512,1,39,293,276
512,1,40,291,250
512,1,41,319,250
512,1,42,318,250
512,1,43,322,255
512,1,44,300,299
512,1,45,340,278
512,1,46,291,258
512,1,47,291,256
512,1,48,292,276
512,1,49,292,250
512,1,50,318,254
512,1,51,324,259
512,1,52,329,254
512,1,53,298,279
512,1,54,348,288
512,1,55,299,285
512,1,56,290,263
512,1,57,295,256
512,1,58,292,319
512,1,59,296,289
512,1,60,319,275
512,1,61,318,250
512,1,62,316,274
512,1,63,343,277
512,1,64,301,284
512,1,65,298,275
512,1,66,292,259
512,1,67,293,314
512,1,68,294,275
512,1,69,292,252
512,1,70,316,274
512,1,71,319,251
512,1,72,325,251
512,1,73,298,277
512,1,74,298,299
512,1,75,292,262
512,1,76,291,325
512,1,77,293,268
512,1,78,292,271
512,1,79,322,250
512,1,80,317,276
512,1,81,317,274
512,1,82,322,270
512,1,83,297,291
512,1,84,298,275
512,1,85,291,314
512,1,86,291,276
512,1,87,292,256
512,1,88,292,260
512,1,89,318,275
512,1,90,319,266
512,1,91,322,251
512,1,92,301,281
512,1,93,298,285
512,1,94,338,278
512,1,95,300,257
512,1,96,292,256
512,1,97,291,251
512,1,98,293,275
512,1,99,321,250
512,2,0,609,520
512,2,1,590,535
512,2,2,610,520
512,2,3,589,556
512,2,4,619,558
512,2,5,589,570
512,2,6,620,521
512,2,7,631,554
512,2,8,622,505
512,2,9,582,561
512,2,10,682,526
512,2,11,581,531
512,2,12,642,520
512,2,13,583,532
512,2,14,614,515
512,2,15,608,577
512,2,16,630,540
512,2,17,652,572
512,2,18,655,499
512,2,19,617,530
512,2,20,588,532
512,2,21,612,538
512,2,22,589,534
512,2,23,615,578
512,2,24,592,529
512,2,25,619,506
512,2,26,626,571
512,2,27,616,499
512,2,28,585,570
512,2,29,654,536
512,2,30,584,536
512,2,31,618,515
512,2,32,611,558
512,2,33,648,546
512,2,34,610,614
512,2,35,618,546
512,2,36,609,596
512,2,37,660,543
512,2,38,588,541
512,2,39,616,516
512,2,40,612,542
512,2,41,588,571
512,2,42,608,570
512,2,43,601,543
512,2,44,608,530
512,2,45,625,548
512,2,46,608,514
512,2,47,589,544
512,2,48,660,520
512,2,49,588,540
512,2,50,616,585
512,2,51,583,557
512,2,52,615,525
512,2,53,582,605
512,2,54,637,513
512,2,55,586,575
512,2,56,660,539
512,2,57,585,532
512,2,58,613,524
512,2,59,618,554
512,2,60,629,526
512,2,61,609,588
512,2,62,616,501
512,2,63,628,580
512,2,64,630,577
512,2,65,610,568
512,2,66,590,551
512,2,67,613,560
512,2,68,589,529
512,2,69,609,553
512,2,70,603,540
512,2,71,616,524
512,2,72,627,526
512,2,73,618,528
512,2,74,583,552
512,2,75,682,510
512,2,76,582,532
512,2,77,613,551
512,2,78,583,548
512,2,79,615,547
512,2,80,613,574
512,2,81,614,539
512,2,82,613,531
512,2,83,625,542
512,2,84,611,509
512,2,85,589,560
512,2,86,611,515
512,2,87,594,552
512,2,88,617,579
512,2,89,592,526
512,2,90,618,553
512,2,91,627,554
512,2,92,622,543
512,2,93,593,524
512,2,94,654,543
512,2,95,587,538
512,2,96,635,583
512,2,97,594,557
512,2,98,613,550
512,2,99,582,577
512,3,0,911,814
512,3,1,905,847
512,3,2,910,815
512,3,3,905,840
512,3,4,906,809
512,3,5,907,829
512,3,6,914,801
512,3,7,901,836
512,3,8,900,827
512,3,9,950,824
512,3,10,911,810
512,3,11,947,804
512,3,12,896,807
512,3,13,975,784
512,3,14,903,810
512,3,15,944,756
512,3,16,908,842
512,3,17,949,818
512,3,18,911,804
512,3,19,945,786
512,3,20,907,811
512,3,21,947,788
512,3,22,906,813
512,3,23,980,805
512,3,24,911,816
512,3,25,905,809
512,3,26,912,782
512,3,27,941,802
512,3,28,909,830
512,3,29,887,802
512,3,30,892,895
512,3,31,914,784
512,3,32,904,839
512,3,33,934,805
512,3,34,931,878
512,3,35,915,789
512,3,36,914,829
512,3,37,912,781
512,3,38,914,849
512,3,39,909,828
512,3,40,909,835
512,3,41,910,816
512,3,42,902,864
512,3,43,907,850
512,3,44,952,806
512,3,45,905,785
512,3,46,949,853
512,3,47,903,804
512,3,48,997,777
512,3,49,909,780
512,3,50,944,833
512,3,51,905,850
512,3,52,993,803
512,3,53,910,825
512,3,54,944,807
512,3,55,909,817
512,3,56,956,818
512,3,57,899,836
512,3,58,905,788
512,3,59,906,839
512,3,60,909,813
512,3,61,914,783
512,3,62,882,825
512,3,63,881,825
512,3,64,911,814
512,3,65,907,835
512,3,66,917,849
512,3,67,906,872
512,3,68,921,815
512,3,69,914,830
512,3,70,913,825
512,3,71,934,837
512,3,72,911,823
512,3,73,912,856
512,3,74,903,784
512,3,75,901,847
512,3,76,900,828
512,3,77,951,782
512,3,78,913,813
512,3,79,954,805
512,3,80,880,827
512,3,81,952,781
512,3,82,922,805
512,3,83,954,798
512,3,84,908,803
512,3,85,945,817
512,3,86,910,806
512,3,87,951,836
512,3,88,918,785
512,3,89,961,787
512,3,90,912,822
512,3,91,958,803
512,3,92,915,824
512,3,93,947,820
512,3,94,893,848
512,3,95,941,780
512,3,96,910,849
512,3,97,913,835
512,3,98,908,830
512,3,99,907,846
512,5,0,1538,1350
512,5,1,1534,1370
512,5,2,1535,1375
512,5,3,1521,1338
512,5,4,1577,1405
512,5,5,1671,1363
512,5,6,1529,1401
512,5,7,1493,1436
512,5,8,1498,1351
512,5,9,1589,1333
512,5,10,1555,1321
512,5,11,1501,1384
512,5,12,1499,1391
512,5,13,1522,1346
512,5,14,1597,1341
512,5,15,1578,1310
512,5,16,1533,1367
512,5,17,1509,1381
512,5,18,1522,1328
512,5,19,1519,1350
512,5,20,1537,1315
512,5,21,1536,1378
512,5,22,1549,1371
512,5,23,1522,1360
512,5,24,1494,1378
512,5,25,1582,1357
512,5,26,1587,1340
512,5,27,1552,1358
512,5,28,1531,1413
512,5,29,1499,1382
512,5,30,1571,1369
512,5,31,1582,1353
512,5,32,1525,1400
512,5,33,1492,1462
512,5,34,1525,1293
512,5,35,1568,1326
512,5,36,1820,1378
512,5,37,1550,1387
512,5,38,1521,1390
512,5,39,1521,1390
512,5,40,1509,1344
512,5,41,1550,1371
512,5,42,1562,1344
512,5,43,1520,1369
512,5,44,1540,1448
512,5,45,1494,1391
512,5,46,1568,1387
512,5,47,1613,1338
512,5,48,1510,1460
512,5,49,1502,1466
512,5,50,1513,1330
512,5,51,1548,1359
512,5,52,1555,1392
512,5,53,1537,1377
512,5,54,1529,1372
512,5,55,1536,1378
512,5,56,1499,1350
512,5,57,1531,1406
512,5,58,1575,1335
512,5,59,1538,1352
512,5,60,1512,1426
512,5,61,1531,1400
512,5,62,1567,1302
512,5,63,1581,1335
512,5,64,1495,1383
512,5,65,1494,1397
512,5,66,1519,1401
512,5,67,1555,1356
512,5,68,1591,1372
512,5,69,1491,1441
512,5,70,1492,1373
512,5,71,1512,1295
512,5,72,1526,1328
512,5,73,1568,1355
512,5,74,1564,1378
512,5,75,1532,1393
512,5,76,1524,1324
512,5,77,1538,1363
512,5,78,1534,1401
512,5,79,1537,1406
512,5,80,1528,1393
512,5,81,1535,1357
512,5,82,1505,1326
512,5,83,1555,1340
512,5,84,1566,1320
512,5,85,1518,1380
512,5,86,1568,1415
512,5,87,1495,1400
512,5,88,1549,1348
512,5,89,1566,1357
512,5,90,1560,1344
512,5,91,1498,1453
512,5,92,1494,1361
512,5,93,1553,1510
512,5,94,1564,1415
512,5,95,1569,1362
512,5,96,1529,1409
512,5,97,1533,1393
512,5,98,1510,1311
512,5,99,1533,1427
512,7,0,2159,1977
512,7,1,2192,1944
512,7,2,2248,1920
512,7,3,2117,1962
512,7,4,2115,1971
512,7,5,2136,1907
512,7,6,2137,1919
512,7,7,2174,1920
512,7,8,2196,1889
512,7,9,2182,1901
512,7,10,2187,1813
512,7,11,2182,1901
512,7,12,2172,1885
512,7,13,2116,1960
512,7,14,2160,1947
512,7,15,2124,1897
512,7,16,2124,1943
512,7,17,2159,1874
512,7,18,2139,1878
512,7,19,2155,1901
512,7,20,2147,1874
512,7,21,2143,1924
512,7,22,2142,1863
512,7,23,2170,1936
512,7,24,2128,1936
512,7,25,2121,1916
512,7,26,2106,1940
512,7,27,2105,1906
512,7,28,2158,1890
512,7,29,2150,1939
512,7,30,2179,1898
512,7,31,2173,1853
512,7,32,2204,1915
512,7,33,2122,1957
512,7,34,2295,1966
512,7,35,2126,1946
512,7,36,2105,1916
512,7,37,2138,1902
512,7,38,2162,1857
512,7,39,2150,1894
512,7,40,2180,1835
512,7,41,2180,1855
512,7,42,2179,1941
512,7,43,2107,1883
512,7,44,2121,1974
512,7,45,2108,1939
512,7,46,2138,1983
512,7,47,2113,1941
512,7,48,2163,1846
512,7,49,2177,1869
512,7,50,2148,1910
512,7,51,2178,1889
512,7,52,2142,1855
512,7,53,2241,1879
512,7,54,2110,1836
512,7,55,2105,1881
512,7,56,2112,1898
512,7,57,2152,1988
512,7,58,2157,1937
512,7,59,2175,1859
512,7,60,2149,1833
512,7,61,2218,1909
512,7,62,2191,1890
512,7,63,2150,1893
512,7,64,2149,1853
512,7,65,2112,1990
512,7,66,2107,1899
512,7,67,2100,1927
512,7,68,2125,1904
512,7,69,2109,1940
512,7,70,2205,1896
512,7,71,2155,1874
512,7,72,2172,1924
512,7,73,2198,1920
512,7,74,2169,1889
512,7,75,2143,1875
512,7,76,2116,1965
512,7,77,2140,1997
512,7,78,2100,1936
512,7,79,2108,1935
512,7,80,2175,1893
512,7,81,2144,1873
512,7,82,2158,1921
512,7,83,2160,1884
512,7,84,2142,1887
512,7,85,2127,1820
512,7,86,2127,1974
512,7,87,2110,1930
512,7,88,2121,1878
512,7,89,2100,1889
512,7,90,2099,1972
512,7,91,2167,1858
512,7,92,2147,1896
512,7,93,2155,1893
512,7,94,2168,1904
512,7,95,2159,1889
512,7,96,2134,1892
512,7,97,2114,1938
512,7,98,2105,1970
512,7,99,2097,1925
512,10,0,3093,2689
512,10,1,3069,2759
512,10,2,3090,2714
512,10,3,3086,2736
512,10,4,3064,2722
512,10,5,3011,2736
512,10,6,3051,2742
512,10,7,3045,2745
512,10,8,3095,2760
512,10,9,3034,2764
512,10,10,3046,2769
512,10,11,3038,2682
512,10,12,3039,2721
512,10,13,3065,2729
512,10,14,3054,2746
512,10,15,3072,2716
512,10,16,3091,2764
512,10,17,3085,2671
512,10,18,3036,2750
512,10,19,3055,2712
512,10,20,3044,2705
512,10,21,3065,2715
512,10,22,3051,2754
512,10,23,3064,2721
512,10,24,3054,2715
512,10,25,3044,2732
512,10,26,3015,2704
512,10,27,3059,2779
512,10,28,3030,2743
512,10,29,3089,2779
512,10,30,3050,2740
512,10,31,3059,2712
512,10,32,3030,2652
512,10,33,3040,2714
512,10,34,3038,2675
512,10,35,3120,2751
512,10,36,3058,2698
512,10,37,3095,2767
512,10,38,3081,2745
512,10,39,3011,2784
512,10,40,3064,2637
512,10,41,3043,2750
512,10,42,3069,2817
512,10,43,3018,2773
512,10,44,3076,2762
512,10,45,3001,2714
512,10,46,3066,2721
512,10,47,3037,2715
512,10,48,3070,2743
512,10,49,3119,2731
512,10,50,3095,2691
512,10,51,3053,2665
512,10,52,3046,2795
512,10,53,3061,2721
512,10,54,3060,2691
512,10,55,3035,2726
512,10,56,3049,2780
512,10,57,3032,2717
512,10,58,3004,2690
512,10,59,3061,2765
512,10,60,3050,2752
512,10,61,3085,2773
512,10,62,3036,2765
512,10,63,3052,2686
512,10,64,3048,2676
512,10,65,3037,2735
512,10,66,3077,2640
512,10,67,3073,2742
512,10,68,3050,2657
512,10,69,3086,2748
512,10,70,3040,2764
512,10,71,3181,2734
512,10,72,3068,2641
512,10,73,3073,2761
512,10,74,3120,2677
512,10,75,3022,2683
512,10,76,3055,2736
512,10,77,2999,2741
512,10,78,3052,2781
512,10,79,3003,2734
512,10,80,3046,2719
512,10,81,3033,2711
512,10,82,3061,2733
512,10,83,3009,2741
512,10,84,3048,2717
512,10,85,3043,2686
512,10,86,3082,2711
512,10,87,3042,2635
512,10,88,3045,2733
512,10,89,3043,2662
512,10,90,3050,2731
512,10,91,3039,2675
512,10,92,3328,2722
512,10,93,3133,2742
512,10,94,3050,2751
512,10,95,3086,2804
512,10,96,3023,2759
512,10,97,3055,2811
512,10,98,3003,2730
512,10,99,3082,2716
512,15,0,4649,4169
512,15,1,4657,4071
512,15,2,4568,4117
512,15,3,4586,4094
512,15,4,4612,4155
512,15,5,4660,4083
512,15,6,4643,4171
512,15,7,4612,4051
512,15,8,4707,4040
512,15,9,4650,4152
512,15,10,4619,4121
512,15,11,4586,4147
512,15,12,4579,4223
512,15,13,4650,4129
512,15,14,4674,4080
512,15,15,4613,4081
512,15,16,4631,4107
512,15,17,4652,4074
512,15,18,4640,4123
512,15,19,4660,4157
512,15,20,4576,4050
512,15,21,4610,4078
512,15,22,4596,4143
512,15,23,4607,4113
512,15,24,4701,4099
512,15,25,4696,4118
512,15,26,4606,4095
512,15,27,4602,4143
512,15,28,4658,4072
512,15,29,4646,4080
512,15,30,4566,4081
512,15,31,4563,4041
512,15,32,4618,4279
512,15,33,4655,4113
512,15,34,4636,4090
512,15,35,4677,4164
512,15,36,4660,4083
512,15,37,4609,4070
512,15,38,4613,4081
512,15,39,4627,4165
512,15,40,4582,4103
512,15,41,4625,4222
512,15,42,4645,4111
512,15,43,4664,3994
512,15,44,4604,4040
512,15,45,4644,4165
512,15,46,4676,4068
512,15,47,4667,4074
512,15,48,4607,4146
512,15,49,4611,4150
512,15,50,4607,4162
512,15,51,4595,4181
512,15,52,4594,4104
512,15,53,4646,4048
512,15,54,4670,4091
512,15,55,4610,4058
512,15,56,4663,4068
512,15,57,4638,4137
512,15,58,4649,4082
512,15,59,4641,4106
512,15,60,4598,4129
512,15,61,4585,4109
512,15,62,4589,4081
512,15,63,4613,4194
512,15,64,4648,4076
512,15,65,4657,4101
512,15,66,4616,4099
512,15,67,4624,4149
512,15,68,4678,4154
512,15,69,4631,4041
512,15,70,4609,4078
512,15,71,4606,4129
512,15,72,4603,4151
512,15,73,4595,4122
512,15,74,4610,4122
512,15,75,4642,4146
512,15,76,4673,4044
512,15,77,4609,4067
512,15,78,4620,4099
512,15,79,4635,4105
512,15,80,4650,4111
512,15,81,4611,4067
512,15,82,4602,4102
512,15,83,4603,4150
512,15,84,4587,4130
512,15,85,4604,4057
512,15,86,4610,4107
512,15,87,4645,4165
512,15,88,4604,4074
512,15,89,4638,4125
512,15,90,4661,4162
512,15,91,4623,4294
512,15,92,4662,4212
512,15,93,4840,4240
512,15,94,4735,4114
512,15,95,4590,4166
512,15,96,4634,4178
512,15,97,4653,4032
512,15,98,4715,4051
512,15,99,4599,4025
512,20,0,6439,5427
512,20,1,6206,5454
512,20,2,6272,5341
512,20,3,6182,5357
512,20,4,6177,5466
512,20,5,6279,5527
512,20,6,6172,5425
512,20,7,6166,5457
512,20,8,6177,5501
512,20,9,6199,5481
512,20,10,6237,5482
512,20,11,6201,5464
512,20,12,6260,5442
512,20,13,6157,5397
512,20,14,6118,5373
512,20,15,6211,5332
512,20,16,6167,5411
512,20,17,6165,5439
512,20,18,6166,5405
512,20,19,6138,5397
512,20,20,6154,5488
512,20,21,6167,5526
512,20,22,6202,5517
512,20,23,6175,5521
512,20,24,6244,5439
512,20,25,6221,5419
512,20,26,6169,5543
512,20,27,6168,5453
512,20,28,6176,5589
512,20,29,6194,5579
512,20,30,6192,5448
512,20,31,6124,5489
512,20,32,6165,5463
512,20,33,6130,5467
512,20,34,6170,5524
512,20,35,6199,5597
512,20,36,6180,5510
512,20,37,6150,5426
512,20,38,6186,5636
512,20,39,6184,5410
512,20,40,6161,5529
512,20,41,6153,5484
512,20,42,6285,5578
512,20,43,6230,5456
512,20,44,6239,5381
512,20,45,6301,5443
512,20,46,6229,5480
512,20,47,6237,5393
512,20,48,6348,5529
512,20,49,6277,5463
512,20,50,6271,5420
512,20,51,6222,5469
512,20,52,6223,5401
512,20,53,6205,5476
512,20,54,6166,5372
512,20,55,6237,5411
512,20,56,6253,5462
512,20,57,6195,5509
512,20,58,6300,5519
512,20,59,6180,5361
512,20,60,6237,5327
512,20,61,6240,5386
512,20,62,6206,5380
512,20,63,6229,5406
512,20,64,6186,5438
512,20,65,6260,5426
512,20,66,6257,5489
512,20,67,6239,5380
512,20,68,6318,5448
512,20,69,6211,5437
512,20,70,6247,5473
512,20,71,6270,5551
512,20,72,6234,5572
512,20,73,6269,5411
512,20,74,6354,5682
512,20,75,6244,5602
512,20,76,6288,5538
512,20,77,6259,5455
512,20,78,6436,5645
512,20,79,6223,5605
512,20,80,6329,5567
512,20,81,6319,5471
512,20,82,6467,5530
512,20,83,6292,5553
512,20,84,6278,5717
512,20,85,6322,5579
512,20,86,6305,5525
512,20,87,6292,5594
512,20,88,6326,5570
512,20,89,6202,5525
512,20,90,6230,5591
512,20,91,6305,5443
512,20,92,6267,5524
512,20,93,6156,5462
512,20,94,6219,5500
512,20,95,6218,5549
512,20,96,6202,5463
512,20,97,6163,5508
512,20,98,6238,5580
512,20,99,6205,5465
1024,1,0,330,338
1024,1,1,349,286
1024,1,2,384,313
1024,1,3,354,281
1024,1,4,303,275
1024,1,5,331,271
1024,1,6,366,273
1024,1,7,355,261
1024,1,8,285,315
1024,1,9,320,293
1024,1,10,308,344
1024,1,11,301,317
1024,1,12,319,300
1024,1,13,319,299
1024,1,14,318,288
1024,1,15,291,296
1024,1,16,362,311
1024,1,17,340,337
1024,1,18,281,291
1024,1,19,286,283
1024,1,20,276,270
1024,1,21,298,275
1024,1,22,275,279
1024,1,23,342,279
1024,1,24,347,280
1024,1,25,289,273
1024,1,26,320,334
1024,1,27,275,367
1024,1,28,295,310
1024,1,29,288,350
1024,1,30,300,308
1024,1,31,270,317
1024,1,32,314,327
1024,1,33,283,296
1024,1,34,279,290
1024,1,35,281,275
1024,1,36,350,403
1024,1,37,451,311
1024,1,38,274,639
1024,1,39,372,283
1024,1,40,311,289
1024,1,41,316,280
1024,1,42,278,310
1024,1,43,296,345
1024,1,44,304,312
1024,1,45,287,285
1024,1,46,283,289
1024,1,47,290,280
1024,1,48,329,283
1024,1,49,284,283
1024,1,50,314,286
1024,1,51,314,276
1024,1,52,393,268
1024,1,53,337,279
1024,1,54,281,309
1024,1,55,308,325
1024,1,56,316,340
1024,1,57,304,311
1024,1,58,332,301
1024,1,59,290,287
1024,1,60,283,285
1024,1,61,289,300
1024,1,62,298,286
1024,1,63,290,283
1024,1,64,315,279
1024,1,65,338,272
1024,1,66,330,277
1024,1,67,315,289
1024,1,68,285,317
1024,1,69,285,353
1024,1,70,279,303
1024,1,71,293,282
1024,1,72,282,296
1024,1,73,282,291
1024,1,74,286,287
1024,1,75,296,280
1024,1,76,305,285
1024,1,77,331,272
1024,1,78,391,302
1024,1,79,298,283
1024,1,80,285,316
1024,1,81,291,311
1024,1,82,297,355
1024,1,83,310,309
1024,1,84,316,291
1024,1,85,277,284
1024,1,86,292,288
1024,1,87,284,296
1024,1,88,286,283
1024,1,89,310,287
1024,1,90,307,283
1024,1,91,373,277
1024,1,92,319,288
1024,1,93,277,313
1024,1,94,278,314
1024,1,95,284,289
1024,1,96,274,283
1024,1,97,280,290
1024,1,98,278,314
1024,1,99,286,301
1024,2,0,735,614
1024,2,1,629,511
1024,2,2,615,598
1024,2,3,649,533
1024,2,4,627,550
1024,2,5,677,514
1024,2,6,590,575
1024,2,7,646,531
1024,2,8,619,542
1024,2,9,650,579
1024,2,10,694,498
1024,2,11,659,558
1024,2,12,645,548
1024,2,13,719,533
1024,2,14,643,525
1024,2,15,597,606
1024,2,16,652,511
1024,2,17,577,584
1024,2,18,694,513
1024,2,19,620,556
1024,2,20,648,507
1024,2,21,607,545
1024,2,22,642,513
1024,2,23,607,644
1024,2,24,641,520
1024,2,25,618,554
1024,2,26,746,543
1024,2,27,620,527
1024,2,28,649,551
1024,2,29,654,524
1024,2,30,644,574
1024,2,31,678,548
1024,2,32,647,561
1024,2,33,635,504
1024,2,34,725,536
1024,2,35,653,515
1024,2,36,579,618
1024,2,37,662,513
1024,2,38,609,549
1024,2,39,686,524
1024,2,40,604,555
1024,2,41,647,511
1024,2,42,604,553
1024,2,43,622,519
1024,2,44,614,567
1024,2,45,666,570
1024,2,46,661,583
1024,2,47,706,522
1024,2,48,619,542
1024,2,49,639,553
1024,2,50,650,514
1024,2,51,634,610
1024,2,52,678,527
1024,2,53,648,551
1024,2,54,613,552
1024,2,55,657,597
1024,2,56,668,511
1024,2,57,583,572
1024,2,58,649,512
1024,2,59,621,533
1024,2,60,716,511
1024,2,61,584,542
1024,2,62,660,508
1024,2,63,619,541
1024,2,64,609,561
1024,2,65,612,576
1024,2,66,623,507
1024,2,67,615,541
1024,2,68,659,508
1024,2,69,593,540
1024,2,70,663,519
1024,2,71,583,567
1024,2,72,622,508
1024,2,73,591,570
1024,2,74,656,515
1024,2,75,625,566
1024,2,76,661,503
1024,2,77,591,541
1024,2,78,638,522
1024,2,79,636,587
1024,2,80,645,508
1024,2,81,589,566
1024,2,82,631,512
1024,2,83,583,548
1024,2,84,695,513
1024,2,85,595,545
1024,2,86,655,556
1024,2,87,592,539
1024,2,88,639,514
1024,2,89,582,666
1024,2,90,646,524
1024,2,91,618,539
1024,2,92,757,529
1024,2,93,590,577
1024,2,94,647,514
1024,2,95,647,506
1024,2,96,649,562
1024,2,97,654,559
1024,2,98,638,587
1024,2,99,636,511
1024,3,0,980,812
1024,3,1,957,795
1024,3,2,981,834
1024,3,3,978,892
1024,3,4,952,809
1024,3,5,944,938
1024,3,6,1321,1110
1024,3,7,984,816
1024,3,8,976,822
1024,3,9,973,841
1024,3,10,914,821
1024,3,11,1041,823
1024,3,12,941,873
1024,3,13,933,809
1024,3,14,928,860
1024,3,15,934,815
1024,3,16,952,878
1024,3,17,913,816
1024,3,18,946,844
1024,3,19,943,806
1024,3,20,1001,843
1024,3,21,951,871
1024,3,22,1011,821
1024,3,23,934,815
1024,3,24,1000,817
1024,3,25,939,812
1024,3,26,1000,779
1024,3,27,959,808
1024,3,28,937,831
1024,3,29,971,870
1024,3,30,945,817
1024,3,31,942,860
1024,3,32,955,812
1024,3,33,947,839
1024,3,34,899,816
1024,3,35,987,787
1024,3,36,936,847
1024,3,37,956,806
1024,3,38,896,850
1024,3,39,1033,1176
1024,3,40,962,836
1024,3,41,980,805
1024,3,42,959,893
1024,3,43,935,838
1024,3,44,937,880
1024,3,45,952,779
1024,3,46,977,817
1024,3,47,933,815
1024,3,48,995,820
1024,3,49,937,864
1024,3,50,1001,797
1024,3,51,952,806
1024,3,52,981,792
1024,3,53,917,814
1024,3,54,955,796
1024,3,55,938,829
1024,3,56,944,835
1024,3,57,939,856
1024,3,58,917,821
1024,3,59,962,880
1024,3,60,945,842
1024,3,61,918,870
1024,3,62,958,881
1024,3,63,994,832
1024,3,64,949,836
1024,3,65,950,832
1024,3,66,938,802
1024,3,67,1011,820
1024,3,68,945,808
1024,3,69,1012,803
1024,3,70,946,786
1024,3,71,948,833
1024,3,72,943,846
1024,3,73,982,838
1024,3,74,927,837
1024,3,75,908,819
1024,3,76,954,838
1024,3,77,935,811
1024,3,78,948,855
1024,3,79,880,832
1024,3,80,926,851
1024,3,81,954,814
1024,3,82,1022,813
1024,3,83,962,803
1024,3,84,980,811
1024,3,85,927,818
1024,3,86,975,849
1024,3,87,966,806
1024,3,88,1023,795
1024,3,89,910,782
1024,3,90,946,840
1024,3,91,946,841
1024,3,92,957,838
1024,3,93,947,856
1024,3,94,947,826
1024,3,95,963,862
1024,3,96,921,852
1024,3,97,912,862
1024,3,98,966,783
1024,3,99,969,836
1024,5,0,1647,1368
1024,5,1,1641,1341
1024,5,2,1618,1445
1024,5,3,1688,1305
1024,5,4,1660,1402
1024,5,5,1640,1362
1024,5,6,1632,1469
1024,5,7,1586,1472
1024,5,8,1637,1346
1024,5,9,1668,1478
1024,5,10,1687,1397
1024,5,11,1632,1589
1024,5,12,1754,1432
1024,5,13,1719,1583
1024,5,14,1617,1424
1024,5,15,1641,1485
1024,5,16,1656,1394
1024,5,17,1590,1439
1024,5,18,1644,1397
1024,5,19,1602,1481
1024,5,20,1668,1365
1024,5,21,1609,1546
1024,5,22,1635,1452
1024,5,23,1653,1417
1024,5,24,1803,1420
1024,5,25,1736,1460
1024,5,26,1725,1410
1024,5,27,1786,1415
1024,5,28,1671,1677
1024,5,29,1619,1475
1024,5,30,1663,1428
1024,5,31,1593,1502
1024,5,32,1636,1405
1024,5,33,1715,1414
1024,5,34,1682,1452
1024,5,35,1662,1398
1024,5,36,1571,1420
1024,5,37,1662,1412
1024,5,38,1588,1447
1024,5,39,1621,1349
1024,5,40,1663,1368
1024,5,41,1626,1406
1024,5,42,1688,1371
1024,5,43,1584,1408
1024,5,44,1652,1428
1024,5,45,1618,1382
1024,5,46,1712,1407
1024,5,47,1712,1360
1024,5,48,1628,1393
1024,5,49,1680,1321
1024,5,50,1607,1424
1024,5,51,1590,1437
1024,5,52,1624,1385
1024,5,53,1623,1377
1024,5,54,1646,1374
1024,5,55,1709,1326
1024,5,56,1598,1528
1024,5,57,1639,1413
1024,5,58,1603,1418
1024,5,59,1609,1356
1024,5,60,1659,1373
1024,5,61,1652,1439
1024,5,62,1708,1423
1024,5,63,1617,1499
1024,5,64,1641,1453
1024,5,65,1614,1476
1024,5,66,1633,1375
1024,5,67,1638,1444
1024,5,68,1740,1375
1024,5,69,1680,1439
1024,5,70,1643,1463
1024,5,71,1607,1418
1024,5,72,1633,1426
1024,5,73,1804,1436
1024,5,74,1596,1420
1024,5,75,1703,1413
1024,5,76,1668,1408
1024,5,77,1674,1357
1024,5,78,1606,1537
1024,5,79,1707,1534
1024,5,80,1582,1375
1024,5,81,1665,1420
1024,5,82,1655,1337
1024,5,83,1687,1421
1024,5,84,1687,1562
1024,5,85,1580,1441
1024,5,86,1631,1387
1024,5,87,1607,1546
1024,5,88,1634,1335
1024,5,89,1655,1386
1024,5,90,1698,1351
1024,5,91,1726,1432
1024,5,92,1622,1489
1024,5,93,1645,1406
1024,5,94,1576,1381
1024,5,95,1612,1387
1024,5,96,1634,1415
1024,5,97,1725,1334
1024,5,98,1677,1395
1024,5,99,1653,1511
1024,7,0,2321,2013
1024,7,1,2408,1932
1024,7,2,2373,1929
1024,7,3,2322,1837
1024,7,4,2296,2032
1024,7,5,2301,2005
1024,7,6,2396,1941
1024,7,7,2365,2033
1024,7,8,2363,1906
1024,7,9,2361,1948
1024,7,10,2327,2009
1024,7,11,2294,1994
1024,7,12,2300,1995
1024,7,13,2405,1998
1024,7,14,2336,1948
1024,7,15,2291,1969
1024,7,16,2364,2000
1024,7,17,2319,1956
1024,7,18,2347,1943
1024,7,19,2883,1985
1024,7,20,2322,2229
1024,7,21,2303,1950
1024,7,22,2370,1950
1024,7,23,2372,1991
1024,7,24,2329,1897
1024,7,25,2370,2008
1024,7,26,2274,1922
1024,7,27,2299,2104
1024,7,28,2392,1973
1024,7,29,2413,1914
1024,7,30,2407,2002
1024,7,31,2289,1909
1024,7,32,2320,1962
1024,7,33,2302,1946
1024,7,34,2356,1954
1024,7,35,2489,1988
1024,7,36,2497,1934
1024,7,37,2317,2049
1024,7,38,2216,2016
1024,7,39,2389,1938
1024,7,40,2538,2146
1024,7,41,2385,1853
1024,7,42,2294,1976
1024,7,43,2234,2030
1024,7,44,2285,2018
1024,7,45,2267,1938
1024,7,46,2298,1890
1024,7,47,2351,1928
1024,7,48,2281,2071
1024,7,49,2239,1920
1024,7,50,2200,1982
1024,7,51,2340,1944
1024,7,52,2307,2040
1024,7,53,2351,1936
1024,7,54,2323,2017
1024,7,55,2258,1902
1024,7,56,2176,2042
1024,7,57,2284,2058
1024,7,58,2307,1988
1024,7,59,2289,1875
1024,7,60,2399,2034
1024,7,61,2247,2595
1024,7,62,2394,2008
1024,7,63,2322,1940
1024,7,64,2294,1953
1024,7,65,2352,2020
1024,7,66,2371,2085
1024,7,67,2318,2170
1024,7,68,2437,2125
1024,7,69,2439,2012
1024,7,70,2387,2147
1024,7,71,2420,2048
1024,7,72,2371,1997
1024,7,73,2416,2064
1024,7,74,2359,2048
1024,7,75,2391,1978
1024,7,76,2277,2050
1024,7,77,2384,2088
1024,7,78,2660,2091
1024,7,79,2365,2059
1024,7,80,2454,2111
1024,7,81,2406,2033
1024,7,82,2904,1940
1024,7,83,2357,2057
1024,7,84,2364,1995
1024,7,85,2406,1929
1024,7,86,2303,2022
1024,7,87,2268,1917
1024,7,88,2368,2038
1024,7,89,2189,1930
1024,7,90,2220,1979
1024,7,91,2311,1990
1024,7,92,2405,2170
1024,7,93,2305,1918
1024,7,94,2318,2134
1024,7,95,2330,2022
1024,7,96,2236,2025
1024,7,97,2355,1994
1024,7,98,2320,1945
1024,7,99,2379,2014
1024,10,0,3230,2774
1024,10,1,3442,3032
1024,10,2,3329,2720
1024,10,3,3303,2817
1024,10,4,3333,2812
1024,10,5,3367,2815
1024,10,6,3243,2802
1024,10,7,3334,2925
1024,10,8,3565,2769
1024,10,9,3385,2778
1024,10,10,3313,2854
1024,10,11,3277,2898
1024,10,12,3358,2807
1024,10,13,3371,2692
1024,10,14,3233,2891
1024,10,15,3311,2856
1024,10,16,3346,2607
1024,10,17,3339,2764
1024,10,18,3313,2779
1024,10,19,3279,2833
1024,10,20,3343,2875
1024,10,21,3379,2708
1024,10,22,3284,2721
1024,10,23,3415,2838
1024,10,24,3337,2761
1024,10,25,3469,2830
1024,10,26,3328,2847
1024,10,27,3336,2723
1024,10,28,3354,2766
1024,10,29,3358,2748
1024,10,30,3276,2756
1024,10,31,3301,2705
1024,10,32,3620,2693
1024,10,33,3244,2731
1024,10,34,3311,2761
1024,10,35,3262,2762
1024,10,36,3427,2728
1024,10,37,3261,2676
1024,10,38,3250,2705
1024,10,39,3369,2720
1024,10,40,3375,2746
1024,10,41,3323,2681
1024,10,42,3335,2730
1024,10,43,3303,2739
1024,10,44,3267,2774
1024,10,45,3462,2775
1024,10,46,3316,2767
1024,10,47,3278,2746
1024,10,48,3326,2723
1024,10,49,3284,2831
1024,10,50,3325,2745
1024,10,51,3254,2809
1024,10,52,3387,2838
1024,10,53,3241,2674
1024,10,54,3291,2715
1024,10,55,3622,3419
1024,10,56,3323,2737
1024,10,57,3282,2801
1024,10,58,3365,2744
1024,10,59,3292,2728
1024,10,60,3377,2732
1024,10,61,3445,2743
1024,10,62,3243,2731
1024,10,63,3324,2853
1024,10,64,3370,2867
1024,10,65,3397,2747
1024,10,66,3360,2737
1024,10,67,3316,2792
1024,10,68,3278,2766
1024,10,69,3343,2936
1024,10,70,3468,2721
1024,10,71,3352,2758
1024,10,72,3367,2749
1024,10,73,3249,2780
1024,10,74,3383,2760
1024,10,75,3356,2828
1024,10,76,3383,2835
1024,10,77,3375,2761
1024,10,78,3341,2679
1024,10,79,3807,2856
1024,10,80,3367,2753
1024,10,81,3845,2802
1024,10,82,3340,2834
1024,10,83,3353,2810
1024,10,84,3362,2735
1024,10,85,3341,2889
1024,10,86,3414,2767
1024,10,87,3455,2812
1024,10,88,3414,2809
1024,10,89,3389,2787
1024,10,90,3350,2767
1024,10,91,3396,2818
1024,10,92,3367,2829
1024,10,93,3370,2834
1024,10,94,3802,2855
1024,10,95,3425,2677
1024,10,96,3376,2778
1024,10,97,3390,2737
1024,10,98,3370,2949
1024,10,99,3423,2755
1024,15,0,5177,4111
1024,15,1,5028,4130
1024,15,2,5081,4217
1024,15,3,9030,5419
1024,15,4,5218,4209
1024,15,5,5001,4453
1024,15,6,5002,4153
1024,15,7,4971,4187
1024,15,8,5054,4157
1024,15,9,5028,4227
1024,15,10,4984,4228
1024,15,11,5018,4465
1024,15,12,5047,4090
1024,15,13,5013,4263
1024,15,14,4965,4239
1024,15,15,4981,4309
1024,15,16,5597,4289
1024,15,17,4954,4155
1024,15,18,5010,4161
1024,15,19,4962,4194
1024,15,20,4996,4474
1024,15,21,5020,4356
1024,15,22,5118,4183
1024,15,23,4942,4168
1024,15,24,5058,4246
1024,15,25,5044,4254
1024,15,26,5429,4165
1024,15,27,5026,4147
1024,15,28,5211,4233
1024,15,29,5340,4112
1024,15,30,5016,4142
1024,15,31,5019,4174
1024,15,32,5405,4191
1024,15,33,5025,4138
1024,15,34,5128,4196
1024,15,35,5028,4148
1024,15,36,5009,4170
1024,15,37,5024,4176
1024,15,38,5007,4056
1024,15,39,5073,4189
1024,15,40,5103,4256
1024,15,41,5104,4166
1024,15,42,5053,4250
1024,15,43,5025,4243
1024,15,44,5090,4242
1024,15,45,5227,4335
1024,15,46,5154,4418
1024,15,47,5056,4276
1024,15,48,5042,4404
1024,15,49,5195,4399
1024,15,50,5086,4610
1024,15,51,5000,4264
1024,15,52,5189,4378
1024,15,53,5121,4239
1024,15,54,5208,5122
1024,15,55,5101,6676
1024,15,56,5343,4248
1024,15,57,4955,4070
1024,15,58,4905,4113
1024,15,59,4901,4107
1024,15,60,4887,4180
1024,15,61,4956,4201
1024,15,62,5060,4165
1024,15,63,4987,4191
1024,15,64,4921,4120
1024,15,65,5016,4175
1024,15,66,5097,4145
1024,15,67,5106,4109
1024,15,68,5119,4206
1024,15,69,5172,4163
1024,15,70,6822,4228
1024,15,71,5016,4275
1024,15,72,5058,4225
1024,15,73,5152,4218
1024,15,74,7253,7574
1024,15,75,5179,4139
1024,15,76,5133,4340
1024,15,77,5190,4159
1024,15,78,5113,4553
1024,15,79,5095,4103
1024,15,80,5155,4143
1024,15,81,5089,4177
1024,15,82,5048,4227
1024,15,83,5643,4372
1024,15,84,5261,4398
1024,15,85,5175,4348
1024,15,86,5185,4714
1024,15,87,5116,4146
1024,15,88,5023,4225
1024,15,89,5098,4273
1024,15,90,5024,4168
1024,15,91,5043,4277
1024,15,92,5005,3988
1024,15,93,5010,4217
1024,15,94,5089,4102
1024,15,95,5090,4154
1024,15,96,5009,4162
1024,15,97,5113,4124
1024,15,98,5114,4131
1024,15,99,5182,4037
1024,20,0,6768,5635
1024,20,1,7068,5396
1024,20,2,6899,5631
1024,20,3,6839,5607
1024,20,4,6979,5540
1024,20,5,6772,5640
1024,20,6,6948,5609
1024,20,7,6916,5424
1024,20,8,6836,5395
1024,20,9,6783,5919
1024,20,10,6909,5536
1024,20,11,6754,5449
1024,20,12,6737,5440
1024,20,13,6809,5659
1024,20,14,6576,5495
1024,20,15,6513,5473
1024,20,16,6679,5555
1024,20,17,6627,5401
1024,20,18,6675,5555
1024,20,19,6713,5703
1024,20,20,6831,5511
1024,20,21,6707,5678
1024,20,22,6833,5693
1024,20,23,6719,5525
1024,20,24,6731,5547
1024,20,25,6663,5665
1024,20,26,6830,5627
1024,20,27,6750,5486
1024,20,28,6777,5533
1024,20,29,6757,5653
1024,20,30,6751,5511
1024,20,31,6725,5912
1024,20,32,6785,5605
1024,20,33,6670,5561
1024,20,34,6629,5589
1024,20,35,6761,5749
1024,20,36,6737,5651
1024,20,37,6622,5561
1024,20,38,6709,5643
1024,20,39,6852,5510
1024,20,40,6827,5640
1024,20,41,6851,5501
1024,20,42,7016,5495
1024,20,43,6834,5590
1024,20,44,6803,5499
1024,20,45,6816,5485
1024,20,46,6775,5491
1024,20,47,6666,5686
1024,20,48,6708,5495
1024,20,49,6904,5582
1024,20,50,6753,5608
1024,20,51,6685,5616
1024,20,52,6596,5532
1024,20,53,6708,5393
1024,20,54,6794,5423
1024,20,55,6753,5577
1024,20,56,6819,5431
1024,20,57,7048,5476
1024,20,58,6847,5530
1024,20,59,8169,5640
1024,20,60,6778,5668
1024,20,61,6821,5650
1024,20,62,6928,5456
1024,20,63,6838,5605
1024,20,64,6844,5475
1024,20,65,6716,5550
1024,20,66,6717,5718
1024,20,67,7074,5470
1024,20,68,6619,5614
1024,20,69,6665,5527
1024,20,70,6730,5303
1024,20,71,6584,5517
1024,20,72,6644,5601
1024,20,73,6662,5571
1024,20,74,6682,5467
1024,20,75,6744,5438
1024,20,76,6795,5491
1024,20,77,6676,5485
1024,20,78,6641,5510
1024,20,79,6822,5831
1024,20,80,6710,5486
1024,20,81,10216,5563
1024,20,82,7004,5633
1024,20,83,6798,5656
1024,20,84,6869,5434
1024,20,85,6878,5432
1024,20,86,6873,5525
1024,20,87,6866,5511
1024,20,88,6928,5602
1024,20,89,6758,5535
1024,20,90,6790,5494
1024,20,91,6970,5472
1024,20,92,6812,5438
1024,20,93,6945,5711
1024,20,94,6846,5767
1024,20,95,6986,5695
1024,20,96,6855,5691
1024,20,97,7065,5743
1024,20,98,6812,5597
1024,20,99,6772,5668
